{
	"IcoMoonType": "selection",
	"icons": [
		{
			"icon": {
				"paths": [
					"M438.857 201.143q-84.571 0-156 41.714t-113.143 113.143-41.714 156 41.714 156 113.143 113.143 156 41.714 156-41.714 113.143-113.143 41.714-156-41.714-156-113.143-113.143-156-41.714zM877.714 512q0 119.429-58.857 220.286t-159.714 159.714-220.286 58.857-220.286-58.857-159.714-159.714-58.857-220.286 58.857-220.286 159.714-159.714 220.286-58.857 220.286 58.857 159.714 159.714 58.857 220.286z"
				],
				"width": 877.7142857142858,
				"attrs": [],
				"isMulticolor": false,
				"tags": [
					"circle-o"
				],
				"defaultCode": 61708,
				"grid": 14
			},
			"attrs": [],
			"properties": {
				"id": 240,
				"order": 23,
				"prevSize": 28,
				"code": 61708,
				"name": "circle-o"
			},
			"setIdx": 0,
			"setId": 2,
			"iconIdx": 240
		},
		{
			"icon": {
				"paths": [
					"M877.714 512q0 119.429-58.857 220.286t-159.714 159.714-220.286 58.857-220.286-58.857-159.714-159.714-58.857-220.286 58.857-220.286 159.714-159.714 220.286-58.857 220.286 58.857 159.714 159.714 58.857 220.286z"
				],
				"width": 877.7142857142858,
				"attrs": [],
				"isMulticolor": false,
				"tags": [
					"circle"
				],
				"defaultCode": 61713,
				"grid": 14
			},
			"attrs": [],
			"properties": {
				"id": 244,
				"order": 24,
				"prevSize": 28,
				"code": 61713,
				"name": "circle"
			},
			"setIdx": 0,
			"setId": 2,
			"iconIdx": 244
		},
		{
			"icon": {
				"paths": [
					"M507.429 676.571l66.286-66.286-86.857-86.857-66.286 66.286v32h54.857v54.857h32zM758.857 265.143q-9.143-9.143-18.857 0.571l-200 200q-9.714 9.714-0.571 18.857t18.857-0.571l200-200q9.714-9.714 0.571-18.857zM804.571 604.571v108.571q0 68-48.286 116.286t-116.286 48.286h-475.429q-68 0-116.286-48.286t-48.286-116.286v-475.429q0-68 48.286-116.286t116.286-48.286h475.429q36 0 66.857 14.286 8.571 4 10.286 13.143 1.714 9.714-5.143 16.571l-28 28q-8 8-18.286 4.571-13.143-3.429-25.714-3.429h-475.429q-37.714 0-64.571 26.857t-26.857 64.571v475.429q0 37.714 26.857 64.571t64.571 26.857h475.429q37.714 0 64.571-26.857t26.857-64.571v-72q0-7.429 5.143-12.571l36.571-36.571q8.571-8.571 20-4t11.429 16.571zM749.714 182.857l164.571 164.571-384 384h-164.571v-164.571zM1003.429 258.286l-52.571 52.571-164.571-164.571 52.571-52.571q16-16 38.857-16t38.857 16l86.857 86.857q16 16 16 38.857t-16 38.857z"
				],
				"attrs": [
					{}
				],
				"isMulticolor": false,
				"colorPermutations": {
					"6868681": [
						0
					]
				},
				"tags": [
					"edit",
					"pencil-square-o"
				],
				"grid": 14
			},
			"attrs": [
				{}
			],
			"properties": {
				"order": 9,
				"id": 0,
				"prevSize": 28,
				"code": 58882,
				"name": "edit"
			},
			"setIdx": 1,
			"setId": 1,
			"iconIdx": 17
		},
		{
			"icon": {
				"paths": [
					"M128 85.333v896h725.333v-896h-725.333zM768 896h-554.667v-725.333h554.667v725.333zM385.067 677.931l105.6-105.6 105.6 105.6 60.331-60.331-105.6-105.6 105.6-105.6-60.331-60.331-105.6 105.6-105.6-105.6-60.331 60.331 105.6 105.6-105.6 105.6 60.331 60.331z"
				],
				"attrs": [
					{}
				],
				"isMulticolor": false,
				"colorPermutations": {
					"6868681": [
						0
					]
				},
				"tags": [
					"file-broken"
				],
				"grid": 24
			},
			"attrs": [
				{}
			],
			"properties": {
				"order": 11,
				"id": 3,
				"prevSize": 32,
				"code": 58884,
				"name": "file-broken"
			},
			"setIdx": 1,
			"setId": 1,
			"iconIdx": 0
		},
		{
			"icon": {
				"paths": [
					"M341.333 298.667v85.333h256v-85.333h-256zM341.333 469.333h384v-42.667h-384v42.667zM725.333 512h-341.333v42.667h341.333v-42.667zM725.333 640v-42.667h-298.667v42.667h298.667zM341.333 597.333h-128v128h-128v128h128v128h128v-128h128v-128h-128v-128zM170.667 85.333v426.667h85.333v-341.333h554.667v725.333h-283.435l-42.667 85.333h411.435v-896h-725.333z"
				],
				"attrs": [
					{}
				],
				"isMulticolor": false,
				"colorPermutations": {
					"6868681": [
						0
					]
				},
				"tags": [
					"file-add",
					"new",
					"document",
					"paper"
				],
				"grid": 24
			},
			"attrs": [
				{}
			],
			"properties": {
				"order": 12,
				"id": 2,
				"prevSize": 32,
				"code": 58885,
				"name": "file-add"
			},
			"setIdx": 1,
			"setId": 1,
			"iconIdx": 1
		},
		{
			"icon": {
				"paths": [
					"M298.667 298.667v85.333h256v-85.333h-256zM298.667 469.333h384v-42.667h-384v42.667zM682.667 512h-128v42.667h128v-42.667zM554.667 640h128v-42.667h-128v42.667zM128 85.333v426.667h85.333v-341.333h554.667v725.333h-213.333v85.333h298.667v-896h-725.333zM414.165 746.667c0-10.24-1.536-20.053-3.755-29.568l59.221-39.723-38.016-65.109-59.904 40.021c-11.051-9.728-23.765-17.152-37.717-21.973v-75.648h-71.637v75.989c-13.611 4.821-25.941 12.203-36.779 21.76l-59.733-40.149-37.973 65.109 59.221 39.68c-2.219 9.515-3.755 19.371-3.755 29.611 0 10.283 1.536 20.139 3.755 29.653l-59.093 39.637 38.016 65.109 59.563-40.149c10.795 9.557 23.168 16.896 36.779 21.76v75.989h71.637v-75.605c13.952-4.779 26.667-12.203 37.717-21.931l59.733 39.979 38.101-65.109-59.136-39.68c2.176-9.557 3.755-19.371 3.755-29.653zM298.752 823.509c-39.509 0-71.637-34.432-71.637-76.843s32.128-76.8 71.637-76.8c39.595 0 71.637 34.389 71.637 76.8s-32.043 76.843-71.637 76.843z"
				],
				"attrs": [
					{}
				],
				"isMulticolor": false,
				"colorPermutations": {
					"6868681": [
						0
					]
				},
				"tags": [
					"file-settings",
					"paper",
					"document"
				],
				"grid": 24
			},
			"attrs": [
				{}
			],
			"properties": {
				"order": 13,
				"id": 1,
				"prevSize": 32,
				"code": 58886,
				"name": "file-settings"
			},
			"setIdx": 1,
			"setId": 1,
			"iconIdx": 2
		},
		{
			"icon": {
				"paths": [
					"M128 85.333v896h725.333v-896h-725.333zM768 896h-554.667v-725.333h554.667v725.333zM682.667 298.667h-384v85.333h384v-85.333zM682.667 426.667h-384v42.667h384v-42.667zM682.667 512h-384v42.667h384v-42.667zM682.667 597.333h-384v42.667h384v-42.667zM682.667 682.667h-384v42.667h384v-42.667z"
				],
				"attrs": [
					{}
				],
				"isMulticolor": false,
				"colorPermutations": {
					"6868681": [
						0
					]
				},
				"tags": [
					"align-justify",
					"file",
					"document",
					"text",
					"paragraph"
				],
				"grid": 24
			},
			"attrs": [
				{}
			],
			"properties": {
				"order": 14,
				"id": 0,
				"prevSize": 32,
				"code": 58887,
				"name": "align-justify"
			},
			"setIdx": 1,
			"setId": 1,
			"iconIdx": 3
		},
		{
			"icon": {
				"paths": [
					"M874.040 149.96c-96.706-96.702-225.28-149.96-362.040-149.96s-265.334 53.258-362.040 149.96c-96.702 96.706-149.96 225.28-149.96 362.040s53.258 265.334 149.96 362.040c96.706 96.702 225.28 149.96 362.040 149.96s265.334-53.258 362.040-149.96c96.702-96.706 149.96-225.28 149.96-362.040s-53.258-265.334-149.96-362.040zM896 512c0 82.814-26.354 159.588-71.112 222.38l-535.266-535.268c62.792-44.758 139.564-71.112 222.378-71.112 211.738 0 384 172.262 384 384zM128 512c0-82.814 26.354-159.586 71.112-222.378l535.27 535.268c-62.794 44.756-139.568 71.11-222.382 71.11-211.738 0-384-172.262-384-384z"
				],
				"attrs": [
					{}
				],
				"isMulticolor": false,
				"tags": [
					"blocked",
					"forbidden",
					"denied",
					"banned"
				],
				"grid": 16
			},
			"attrs": [
				{}
			],
			"properties": {
				"order": 1,
				"id": 0,
				"prevSize": 32,
				"code": 58890,
				"name": "blocked"
			},
			"setIdx": 1,
			"setId": 1,
			"iconIdx": 4
		},
		{
			"icon": {
				"paths": [
					"M512 0c-282.752 0-512 229.248-512 512s229.248 512 512 512 512-229.248 512-512-229.248-512-512-512zM765.248 674.752l-90.496 90.496-162.752-162.752-162.752 162.752-90.496-90.496 162.752-162.752-162.752-162.752 90.496-90.496 162.752 162.752 162.752-162.752 90.496 90.496-162.752 162.752 162.752 162.752z"
				],
				"attrs": [
					{}
				],
				"isMulticolor": false,
				"colorPermutations": {
					"6868681": [
						0
					]
				},
				"tags": [
					"x-altx-alt",
					"cancel",
					"close"
				],
				"grid": 16
			},
			"attrs": [
				{}
			],